ts,mem_used_mb,mem_avail_mb,swap_used_mb,load1,cpu_pct,vram_used_mb,gpu_util
1790596254.601792275,5737,26127,7743,9.23,0,1706,4,0
1790596255.622923776,5816,26049,7743,9.23,2.9,1706,5,0
1790596256.654231932,5811,26054,7743,9.23,2.1,1706,4,0
1790596257.687641098,5825,26040,7742,9.23,2.0,1706,4,0
1790596258.718599297,5844,26020,7740,8.65,3.0,1706,4,0
1790596259.750448960,5836,26028,7733,8.65,2.6,1706,4,0
1790596260.783497020,5830,26035,7731,8.65,1.8,1708,5,0
1790596261.817940932,5818,26047,7729,8.65,2.0,1708,6,0
1790596262.850365268,5816,26048,7728,8.65,1.8,1708,4,0
1790596263.883329566,5792,26073,7728,8.04,2.0,1708,4,0
1790596264.914683608,5775,26089,7728,8.04,2.0,1708,4,0
1790596265.947199451,5777,26088,7727,8.04,2.2,1706,4,0
1790596266.980779622,5778,26086,7724,8.04,2.0,1706,5,0
1790596268.012553039,5804,26061,7720,8.04,2.1,1706,8,0
1790596269.041383074,5813,26051,7718,7.87,2.1,1706,4,0
1790596270.073026760,5838,26027,7715,7.87,2.3,1706,4,0
1790596271.104457562,5866,25999,7714,7.87,2.0,1706,5,0
1790596272.139109934,5869,25995,7713,7.87,2.1,1706,6,0
1790596273.173222019,5868,25996,7711,7.87,1.9,1706,4,0
1790596274.206010618,7072,24792,7705,7.72,3.6,1706,4,0
1790596275.242006900,9437,22427,7715,7.72,6.4,1706,4,0
1790596276.320683019,11489,20376,7766,7.72,8.1,1706,4,0
1790596277.400688259,13507,18357,7935,7.72,8.3,1706,5,0
1790596278.487260655,14953,16911,8317,7.50,9.5,1706,4,0
1790596279.689487169,15057,16808,9281,13.45,15.7,1707,0,0
1790596294.500375637,14471,17394,13793,14.62,5.9,1706,0,0
1790596296.557653099,14349,17515,13940,14.62,5.4,1722,2,0
1790596297.781143320,14548,17316,14025,14.62,4.8,1722,1,0
1790596299.004348677,14648,17217,14199,14.01,5.7,1722,7,0
1790596300.149478683,14667,17197,14601,14.01,7.6,1718,3,0
1790596301.324381349,14665,17199,14888,14.01,5.8,1706,4,0
1790596302.702783990,14631,17233,15201,14.01,5.9,1706,3,0
1790596303.766333430,14625,17239,15565,13.29,7.1,1706,5,0
1790596304.925231228,14596,17268,16068,13.29,10.2,1706,9,0
1790596305.996713740,15984,15880,16062,13.29,5.4,1706,4,0
1790596307.079491104,16499,15365,16070,13.29,5.3,1706,4,0
1790596308.112315612,16518,15346,16066,13.29,5.3,1706,4,0
1790596309.156619755,16717,15148,15858,13.50,5.6,1706,6,0
1790596310.187951762,17019,14845,15849,13.50,4.7,1706,4,0
1790596311.221152391,17239,14626,15829,13.50,4.9,1706,5,0
1790596312.257371110,17206,14658,15812,13.50,7.7,1706,4,0
1790596313.290503484,17247,14617,15396,13.70,15.4,1706,5,0
1790596314.321509064,17534,14331,15022,13.70,9.8,1706,4,0
1790596315.349932856,17881,13984,15010,13.70,6.2,1706,4,0
1790596316.385680963,18222,13643,15007,13.70,5.9,1706,4,0
1790596317.415157728,18525,13339,15006,13.70,5.8,1706,4,0
1790596318.447287864,18804,13060,14978,14.05,8.1,1706,4,0
1790596319.478925922,19141,12723,14967,14.05,6.0,1706,4,0
1790596320.507561177,19387,12478,14937,14.05,5.4,1708,6,0
1790596321.538644851,19626,12239,14915,14.05,14.9,1708,5,0
1790596322.574006834,19637,12228,14905,14.05,32.7,1708,4,0
1790596323.609582547,19674,12190,14894,13.16,32.4,1708,4,0
1790596324.642345689,19700,12164,14885,13.16,34.4,1708,4,0
1790596325.681605883,19696,12168,14882,13.16,33.2,1706,5,0
1790596326.721137723,19709,12155,14877,13.16,33.5,1706,4,0
1790596327.753576094,19742,12122,14859,13.16,30.9,1706,5,0
1790596328.791832392,19770,12095,14850,13.39,32.6,1706,5,0
1790596329.826832393,19796,12069,14845,13.39,32.5,1706,5,0
1790596330.862509259,19830,12035,14841,13.39,32.7,1706,6,0
1790596331.895805168,19856,12008,14829,13.39,30.8,1706,4,0
1790596332.929376115,20007,11858,14779,13.39,20.6,1706,5,0
1790596333.966869182,20119,11746,14731,13.04,24.4,1706,4,0
1790596335.007713602,13260,18604,10921,13.04,27.3,1706,5,0
